sequence,n_tissues,sum_score,mean_score,mean_position,Adult_Brain_score,Adult_Brain_position,Adult_Head_score,Adult_Head_position,Adult_Midgut_score,Adult_Midgut_position,Adult_Hindgut_score,Adult_Hindgut_position,Adult_FatBody_score,Adult_FatBody_position,Adult_MalpighianTubule_score,Adult_MalpighianTubule_position,Adult_Carcass_score,Adult_Carcass_position,Adult_Ovary_score,Adult_Ovary_position,Adult_Testis_score,Adult_Testis_position,Larval_Hindgut_score,Larval_Hindgut_position,Larval_FatBody_score,Larval_FatBody_position,Larval_MalpighianTubule_score,Larval_MalpighianTubule_position,Larval_Midgut_score,Larval_Midgut_position,Larval_Carcass_score,Larval_Carcass_position
ATTATCTTATCT,10,18.21598768234253,1.821598768234253,-351.0,1.832052230834961,-351.0,1.570258378982544,-351.0,2.069117546081543,-351.0,1.9425325393676758,-351.0,,,1.876255750656128,-351.0,1.910677433013916,-351.0,1.728494644165039,-351.0,1.596879243850708,-351.0,,,1.851468801498413,-351.0,,,1.8382511138916016,-351.0,,
TTTCTTTTTATT,10,12.45143437385559,1.245143437385559,-313.0,1.2373337745666504,-313.0,1.0884087085723877,-313.0,1.425365924835205,-313.0,1.3571691513061523,-313.0,,,1.2931458950042725,-313.0,1.3057856559753418,-313.0,1.1415908336639404,-313.0,1.0813050270080566,-313.0,,,1.2800025939941406,-313.0,,,1.2413268089294434,-313.0,,
CTGTTCTTATCA,9,20.921929955482483,2.324658883942498,40.0,1.9632117748260498,40.0,1.7358031272888184,40.0,2.7579047679901123,40.0,2.6070668697357178,40.0,,,2.516098976135254,40.0,2.3794445991516113,40.0,,,,,,,2.3038041591644287,40.0,,,2.539150357246399,40.0,2.119445323944092,40.0
GTTATCGCTTCT,9,13.733899354934692,1.5259888172149658,-3.0,1.2309141159057617,-3.0,1.1017327308654785,-3.0,1.8455150127410889,-3.0,1.734614610671997,-3.0,,,1.6860041618347168,-3.0,1.5413506031036377,-3.0,,,,,,,1.523446798324585,-3.0,,,1.695194959640503,-3.0,1.3751263618469238,-3.0
TTCTCCCTATCA,9,4.741066038608551,0.5267851154009501,-3725.0,,,0.45429158210754395,-3725.0,0.5416973233222961,-3725.0,0.601531982421875,-3725.0,,,0.5859056711196899,-3725.0,0.6418840885162354,-3725.0,0.6703877449035645,-3725.0,0.21525144577026367,-3725.0,,,0.614607572555542,-3725.0,,,0.4155086278915405,-3725.0,,
TATGTTATATCA,8,3.7476784586906433,0.4684598073363304,-3747.0,,,0.3771698474884033,-3747.0,0.4537585377693176,-3747.0,0.5089101791381836,-3747.0,,,0.47890186309814453,-3747.0,0.526390790939331,-3747.0,0.5488744974136353,-3747.0,,,,,0.5042433142662048,-3747.0,,,0.3494294285774231,-3747.0,,
TAGAAAGTCTTA,8,3.6094982028007507,0.45118727535009384,-3800.0,,,0.35388052463531494,-3800.0,0.4368168115615845,-3800.0,0.48685312271118164,-3800.0,,,0.46427416801452637,-3800.0,0.504408597946167,-3800.0,0.5349524021148682,-3800.0,,,,,0.4927171468734741,-3800.0,,,0.33559542894363403,-3800.0,,
ATTATTCAATAG,7,11.215367317199707,1.6021953310285295,-332.0,1.6254234313964844,-332.0,1.4466984272003174,-332.0,,,1.7808165550231934,-332.0,,,1.694462537765503,-332.0,1.7171974182128906,-332.0,1.5371897220611572,-332.0,1.4135792255401611,-332.0,,,,,,,,,,
AGATAACGTTTT,7,3.504344165325165,0.5006205950464521,4653.0,,,,,0.5280125141143799,4653.0,0.4857621192932129,4653.0,,,0.550194501876831,4653.0,0.5251030325889587,4653.0,0.4947851896286011,4653.0,,,,,0.5244478583335876,4653.0,,,0.3960389494895935,4653.0,,
CGCCGATAAAGC,6,0.9266691356897354,0.15444485594828924,-74.0,,,,,0.11411190032958984,-74.0,0.15563449263572693,-74.0,,,0.15368470549583435,-74.0,,,0.08645856380462646,-74.0,0.33641624450683594,-74.0,,,,,,,0.08036322891712189,-74.0,,
GTGTCGATGGAG,6,0.6889272332191467,0.11482120553652446,-91.0,,,,,0.08749783039093018,-91.0,0.10498636960983276,-91.0,,,0.12032100558280945,-91.0,,,,,0.24160277843475342,-91.0,,,0.08323799073696136,-91.0,,,0.05128125846385956,-91.0,,
CGCCGAGACTGC,6,0.6807490289211273,0.11345817148685455,-106.0,,,,,0.07812631130218506,-106.0,0.10342040657997131,-106.0,,,0.11061206459999084,-106.0,,,,,0.26545250415802,-106.0,,,0.07712510228157043,-106.0,,,0.04601263999938965,-106.0,,
TATATCATTATC,6,0.4570977985858917,0.07618296643098195,-1013.0,0.08634519577026367,-1013.0,0.04459655284881592,-1013.0,,,,,0.06321066617965698,-1013.0,,,0.078277587890625,-1013.0,0.10676270723342896,-1013.0,,,,,,,,,,,0.0779050886631012,-1013.0
TGGCTAAGATCA,5,7.8320393562316895,1.5664078712463378,17.0,,,,,1.8605201244354248,17.0,1.5195848941802979,17.0,,,1.4678542613983154,17.0,,,,,,,,,1.2311971187591553,17.0,,,1.752882957458496,17.0,,
TGATTAGATAAA,5,2.4793577194213867,0.49587154388427734,-1387.0,,,,,,,0.48892831802368164,-1387.0,0.5159416198730469,-1387.0,0.5127859115600586,-1387.0,,,0.4618034362792969,-1387.0,,,,,0.49989843368530273,-1387.0,,,,,,
TTCGGTAAGCTT,5,2.4358129501342773,0.48716259002685547,-41.0,,,0.4674396514892578,-41.0,,,0.5118618011474609,-41.0,0.41120243072509766,-41.0,,,0.4180288314819336,-41.0,,,,,,,0.6272802352905273,-41.0,,,,,,
CGATAAAGCAGT,5,0.5858467668294907,0.11716935336589814,-71.0,,,,,,,,,0.06697508692741394,-71.0,0.19390317797660828,-71.0,0.07955369353294373,-71.0,0.09886926412582397,-71.0,,,,,0.14654554426670074,-71.0,,,,,,
GTGTGTGTGTGT,4,2.399304211139679,0.5998260527849197,1979.0,0.23687708377838135,1979.0,0.23497223854064941,1979.0,,,,,,,,,0.8704631328582764,1979.0,1.0569917559623718,1979.0,,,,,,,,,,,,
TCCCCCACAAAT,4,2.059226870536804,0.514806717634201,571.0,,,0.507331132888794,571.0,,,0.5367872714996338,571.0,,,0.5071974992752075,571.0,,,0.507910966873169,571.0,,,,,,,,,,,,
CCAGCAAAGTAT,4,2.0012733936309814,0.5003183484077454,596.0,,,0.49359285831451416,596.0,,,0.5231360197067261,596.0,,,0.49359166622161865,596.0,,,0.49095284938812256,596.0,,,,,,,,,,,,
AGGAAAATATAA,4,1.959314227104187,0.48982855677604675,1718.0,,,0.44725048542022705,1718.0,,,0.5140756368637085,1718.0,,,0.48050951957702637,1718.0,,,0.5174785852432251,1718.0,,,,,,,,,,,,
TTTAGCGCAAGT,4,1.9435644149780273,0.48589110374450684,660.0,,,0.47731518745422363,660.0,,,0.5055683851242065,660.0,,,0.4775869846343994,660.0,,,0.48309385776519775,660.0,,,,,,,,,,,,
AAATCGTTATAA,4,0.3005812466144562,0.07514531165361404,-1165.0,,,,,,,,,0.06478235125541687,-1165.0,0.09570753574371338,-1165.0,0.07055670022964478,-1165.0,,,,,,,0.06953465938568115,-1165.0,,,,,,
AAATACGATATC,4,0.24738356471061707,0.061845891177654266,-28.0,,,,,0.054947614669799805,-28.0,0.05858337879180908,-28.0,,,0.09140950441360474,-28.0,,,0.04244306683540344,-28.0,,,,,,,,,,,,
TCGTTATAAGTA,4,0.24653007090091705,0.06163251772522926,-1162.0,0.054181814193725586,-1162.0,0.04292064905166626,-1162.0,,,,,,,,,,,0.09676158428192139,-1162.0,,,,,,,,,,,0.05266602337360382,-1162.0
AGGAATGCCCTT,4,0.20542684197425842,0.051356710493564606,1113.0,0.06971967220306396,1113.0,,,,,0.05623999238014221,1113.0,,,,,0.040361642837524414,1113.0,0.03910553455352783,1113.0,,,,,,,,,,,,
TAAATGTTATCA,3,17.436371564865112,5.812123854955037,1721.0,,,,,,,5.696937561035156,1721.0,6.068848609924316,1721.0,5.67058539390564,1721.0,,,,,,,,,,,,,,,,
ACCCCATGTCTT,3,17.044565439224243,5.681521813074748,3802.0,,,,,,,5.566574811935425,3802.0,5.580803871154785,3802.0,5.897186756134033,3802.0,,,,,,,,,,,,,,,,
AAAAGGAAGTTG,3,16.539921283721924,5.513307094573975,3839.0,,,,,,,5.404732942581177,3839.0,5.432954788208008,3839.0,5.702233552932739,3839.0,,,,,,,,,,,,,,,,
TTATTCAATAGG,3,5.106534957885742,1.7021783192952473,-331.0,,,,,1.8358173370361328,-331.0,,,,,,,,,,,,,,,1.6662614345550537,-331.0,,,1.6044561862945557,-331.0,,
CGAGATTTATCT,3,4.547899961471558,1.5159666538238525,-57.0,,,,,,,,,,,,,,,,,,,,,1.6519312858581543,-57.0,1.7422006130218506,-57.0,,,1.1537680625915527,-57.0
TAGATTAGATAA,3,4.39742636680603,1.4658087889353435,-94.0,,,,,,,,,,,,,,,,,,,,,1.5114154815673828,-94.0,1.4709763526916504,-94.0,,,1.415034532546997,-94.0
TATCTAGTCTAG,3,3.7401468753814697,1.2467156251271565,-165.0,,,,,,,,,,,,,,,,,,,,,1.2764792442321777,-165.0,1.5320374965667725,-165.0,,,0.9316301345825195,-165.0
AAAACAATATCA,3,3.594996213912964,1.1983320713043213,-118.0,,,,,,,,,,,,,,,,,,,,,1.3424654006958008,-118.0,1.3481800556182861,-118.0,,,0.904350757598877,-118.0
TAGATTAGGTCA,3,3.0973281860351562,1.0324427286783855,-77.0,,,,,,,,,,,,,,,,,,,,,1.0716581344604492,-77.0,1.0434951782226562,-77.0,,,0.9821748733520508,-77.0
CTAATTAAGATT,3,3.013216018676758,1.0044053395589192,-106.0,,,,,,,,,,,,,,,,,,,,,1.0459175109863281,-106.0,1.0220212936401367,-106.0,,,0.945277214050293,-106.0
CGATATCCCCGT,3,2.7677478790283203,0.9225826263427734,850.0,,,,,,,0.9585518836975098,850.0,,,0.9308557510375977,850.0,,,0.8783402442932129,850.0,,,,,,,,,,,,
TTATCTGCTACG,3,2.7410435676574707,0.9136811892191569,-638.0,,,,,,,1.0603585243225098,-638.0,,,0.5292186737060547,-638.0,,,,,,,1.1514663696289062,-638.0,,,,,,,,
TTCAACACAAAG,3,2.7358365058898926,0.9119455019632975,4540.0,,,,,,,0.9317121505737305,4540.0,,,0.8567273616790771,4540.0,,,0.947396993637085,4540.0,,,,,,,,,,,,
ATATCATTGATT,3,2.574841022491455,0.858280340830485,4521.0,,,,,,,0.8736386299133301,4521.0,,,0.8068301677703857,4521.0,,,0.8943722248077393,4521.0,,,,,,,,,,,,
TTCGATAAGAAT,3,1.6809496879577637,0.5603165626525879,-159.0,,,,,,,,,0.504002571105957,-159.0,,,0.5156731605529785,-159.0,,,,,,,0.6612739562988281,-159.0,,,,,,
TATAGGGCCCCG,3,1.468802571296692,0.4896008570988973,1843.0,,,,,,,0.4998586177825928,1843.0,,,0.47511374950408936,1843.0,,,0.49383020401000977,1843.0,,,,,,,,,,,,
ATGAAATTTCTT,3,1.4656652212142944,0.48855507373809814,1748.0,,,,,,,0.5002433061599731,1748.0,,,0.4660501480102539,1748.0,,,0.4993717670440674,1748.0,,,,,,,,,,,,
GAAATAGTCGAA,3,1.4382848739624023,0.4794282913208008,1670.0,,,,,,,,,0.46067142486572266,1670.0,0.5014777183532715,1670.0,,,,,,,,,0.4761357307434082,1670.0,,,,,,
TTCTCCAAAATA,3,1.268202781677246,0.42273426055908203,-136.0,,,,,,,,,0.36851024627685547,-136.0,,,0.3840928077697754,-136.0,,,,,,,0.5155997276306152,-136.0,,,,,,
TTTATATTCGTT,3,1.0591259002685547,0.3530419667561849,-6.0,,,,,,,0.3471107482910156,-6.0,,,,,,,0.4000740051269531,-6.0,,,,,0.31194114685058594,-6.0,,,,,,
GTAGCTTAACGC,3,0.9080114364624023,0.3026704788208008,-1419.0,,,,,,,,,0.3040180206298828,-1419.0,0.3083662986755371,-1419.0,,,,,,,,,0.2956271171569824,-1419.0,,,,,,
TCTATCAACGGC,3,0.24803075194358826,0.08267691731452942,-133.0,,,,,,,0.09691312909126282,-133.0,,,0.10653620958328247,-133.0,,,,,,,,,,,,,0.04458141326904297,-133.0,,
TCATTATCATTT,3,0.2361423373222351,0.07871411244074504,-1074.0,,,,,,,,,,,,,0.06897437572479248,-1074.0,0.09432578086853027,-1074.0,,,,,,,,,,,0.07284218072891235,-1074.0
GGCTTTTATAAT,3,0.16612757742404938,0.05537585914134979,-1053.0,0.06918564438819885,-1053.0,0.039840638637542725,-1053.0,,,,,,,,,,,,,,,,,,,,,,,0.0571012943983078,-1053.0
TTAAACTAAAAG,3,0.16080701351165771,0.05360233783721924,1080.0,0.06408154964447021,1080.0,,,,,0.05737534165382385,1080.0,,,,,0.03935012221336365,1080.0,,,,,,,,,,,,,,
GGTTGTAAGTCG,3,0.13333308696746826,0.04444436232248942,994.0,,,,,,,0.0516190230846405,994.0,,,,,0.03971433639526367,994.0,0.04199972748756409,994.0,,,,,,,,,,,,
ATCGTAGATAAG,2,16.373653769493103,8.186826884746552,-76.0,,,,,7.664804816246033,-76.0,,,,,,,,,,,,,,,,,,,8.70884895324707,-76.0,,
TTTCACTAATAA,2,12.011869192123413,6.0059345960617065,-94.0,,,,,5.615062236785889,-94.0,,,,,,,,,,,,,,,,,,,6.396806955337524,-94.0,,
ATTATCAATATT,2,11.295052289962769,5.647526144981384,127.5,,,,,,,,,,,,,,,8.29645824432373,-1772.0,,,,,,,,,,,2.998594045639038,2027.0
TAACGCATATGC,2,11.175121068954468,5.587560534477234,3972.0,,,,,,,5.538545370101929,3972.0,,,5.636575698852539,3972.0,,,,,,,,,,,,,,,,
AGTTTTTGGAAA,2,10.49700665473938,5.24850332736969,3867.0,,,,,,,5.144878625869751,3867.0,,,5.352128028869629,3867.0,,,,,,,,,,,,,,,,
TGATAAAGAATC,2,5.731424808502197,2.8657124042510986,-398.0,,,,,3.443105936050415,-398.0,,,,,,,,,,,,,,,,,2.2883188724517822,-398.0,,,,
CAACTGATAAAA,2,4.3857972621917725,2.1928986310958862,-417.0,,,,,2.64856219291687,-417.0,,,,,,,,,,,,,,,,,1.7372350692749023,-417.0,,,,
TATTATCATGAG,2,3.901611566543579,1.9508057832717896,-362.0,,,,,2.3664259910583496,-362.0,,,,,,,,,,,,,,,,,1.5351855754852295,-362.0,,,,
GATAAAACTTAT,2,2.9503918886184692,1.4751959443092346,-1597.0,,,,,,,,,,,1.3835067749023438,-1597.0,,,,,,,,,,,1.5668851137161255,-1597.0,,,,
AATAATAAGAAA,2,2.780727505683899,1.3903637528419495,157.0,,,,,,,,,,,1.3811744451522827,157.0,,,,,,,,,,,1.3995530605316162,157.0,,,,
AGCGTTATCTGT,2,2.6761515140533447,1.3380757570266724,-1626.0,,,,,,,,,,,1.2493813037872314,-1626.0,,,,,,,,,,,1.4267702102661133,-1626.0,,,,
CCAACGGAGTAT,2,2.6291558742523193,1.3145779371261597,-37.0,,,,,,,,,,,,,,,,,,,,,1.3057985305786133,-37.0,1.323357343673706,-37.0,,,,
GATAAGAGTATA,2,2.5375816822052,1.2687908411026,126.0,,,,,,,,,,,1.2968238592147827,126.0,,,,,,,,,,,1.2407578229904175,126.0,,,,
CTTATCTTTTAA,2,2.5317740440368652,1.2658870220184326,1865.0,,,,,,,,,1.291172981262207,1865.0,,,,,,,,,,,1.2406010627746582,1865.0,,,,,,
TCGCGGAACCTA,2,2.512057304382324,1.256028652191162,-111.0,,,,,,,,,,,1.0336699485778809,-111.0,,,,,,,,,,,1.4783873558044434,-111.0,,,,
CTATTATCACTA,2,2.399693012237549,1.1998465061187744,1889.0,,,,,,,,,1.2381210327148438,1889.0,,,,,,,,,,,1.161571979522705,1889.0,,,,,,
GGAATCTTATCA,2,2.3749356269836426,1.1874678134918213,-656.0,,,,,,,1.1243906021118164,-656.0,,,,,,,,,,,1.2505450248718262,-656.0,,,,,,,,
TTAATCTAATCT,2,2.3462865352630615,1.1731432676315308,863.0,,,,,,,,,,,1.1676506996154785,863.0,,,,,,,,,,,1.178635835647583,863.0,,,,
TTATAAGCTAAC,2,2.3193111419677734,1.1596555709838867,592.0,,,,,,,,,,,1.2180044651031494,592.0,,,1.101306676864624,592.0,,,,,,,,,,,,
ATTCTGATATCA,2,2.221473455429077,1.1107367277145386,-222.0,,,,,,,,,,,,,,,,,,,,,,,1.3013958930969238,-222.0,,,0.9200775623321533,-222.0
AATTACGATAAA,2,2.208350896835327,1.1041754484176636,-71.0,,,,,,,,,,,,,,,,,,,,,1.2938241958618164,-71.0,,,,,0.9145267009735107,-71.0
GGTGATAAGATT,2,2.207005500793457,1.1035027503967285,870.0,,,1.1697478294372559,870.0,,,,,,,,,1.0372576713562012,870.0,,,,,,,,,,,,,,
TTCAAAGATAAC,2,2.0682458877563477,1.0341229438781738,1914.0,,,,,,,,,1.0622434616088867,1914.0,,,,,,,,,,,1.006002426147461,1914.0,,,,,,
GAAGATGCGGCT,2,1.7780060768127441,0.8890030384063721,750.0,,,,,,,0.8987846374511719,750.0,,,0.8792214393615723,750.0,,,,,,,,,,,,,,,,
TTACATATTTAA,2,1.7599008083343506,0.8799504041671753,4490.0,,,,,,,0.8623003959655762,4490.0,,,,,,,0.8976004123687744,4490.0,,,,,,,,,,,,
AAAACATTATCA,2,1.407994031906128,0.703997015953064,-134.0,,,,,,,,,,,,,,,,,,,,,,,1.0108311176300049,-134.0,,,0.39716291427612305,-134.0
GCTAAGATAAAC,2,1.1386303901672363,0.5693151950836182,2693.0,,,,,,,,,0.594761848449707,2693.0,,,,,,,,,,,0.5438685417175293,2693.0,,,,,,
AAATAGTCGAAA,2,1.1033120155334473,0.5516560077667236,1671.0,,,,,,,0.5587372779846191,1671.0,,,,,,,0.5445747375488281,1671.0,,,,,,,,,,,,
AAAAATATACGT,2,1.0310660600662231,0.5155330300331116,1677.0,,,,,,,,,,,0.48588550090789795,1677.0,,,0.5451805591583252,1677.0,,,,,,,,,,,,
ATAGATAAGATT,2,1.02424955368042,0.51212477684021,1774.5,,,,,0.5145053863525391,1301.0,,,,,,,,,,,,,,,,,,,0.5097441673278809,2248.0,,
AGGACTGATAAC,2,0.9676526784896851,0.48382633924484253,818.0,,,,,,,0.6526343822479248,818.0,0.31501829624176025,818.0,,,,,,,,,,,,,,,,,,
TAAAAATATACG,2,0.9519988298416138,0.4759994149208069,1676.0,,,0.4300893545150757,1676.0,,,0.5219094753265381,1676.0,,,,,,,,,,,,,,,,,,,,
AAATGATATAAA,2,0.9156780242919922,0.4578390121459961,-64.0,,,0.37329673767089844,-64.0,,,,,,,,,,,,,,,,,0.5423812866210938,-64.0,,,,,,
ACGAAAATGAAA,2,0.8475918769836426,0.4237959384918213,-6.0,,,0.36510276794433594,-6.0,,,0.48248910903930664,-6.0,,,,,,,,,,,,,,,,,,,,
CTCGTGTCTCCT,2,0.8140416145324707,0.40702080726623535,-9.0,,,,,,,0.4198756217956543,-9.0,,,,,,,,,,,0.3941659927368164,-9.0,,,,,,,,
CTGCTAATCTGT,2,0.7604613304138184,0.3802306652069092,-29.0,,,,,,,0.39755821228027344,-29.0,,,,,,,,,,,0.3629031181335449,-29.0,,,,,,,,
GTATTATCTTAC,2,0.7443594932556152,0.3721797466278076,51.0,,,0.33716678619384766,51.0,,,,,,,,,0.4071927070617676,51.0,,,,,,,,,,,,,,
CGTTTTATATAA,2,0.5629414319992065,0.28147071599960327,3125.0,,,,,,,,,0.31202709674835205,3125.0,,,,,0.2509143352508545,3125.0,,,,,,,,,,,,
GCTTGGCCTGTG,2,0.5087376832962036,0.2543688416481018,347.0,,,,,,,,,,,0.16672253608703613,347.0,,,,,,,,,0.3420151472091675,347.0,,,,,,
CGCTCGCTTGCA,2,0.508154571056366,0.254077285528183,398.0,,,,,,,,,,,0.18270713090896606,398.0,,,,,,,,,0.3254474401473999,398.0,,,,,,
ATCATCGACGTC,2,0.5020864009857178,0.2510432004928589,-9.0,,,,,,,0.24664855003356934,-9.0,,,,,,,,,,,0.25543785095214844,-9.0,,,,,,,,
TCACGGCCGTTT,2,0.5018987655639648,0.2509493827819824,271.0,,,,,,,,,,,0.15467262268066406,271.0,,,,,,,,,0.3472261428833008,271.0,,,,,,
TGGTGATAATTA,2,0.4657961130142212,0.2328980565071106,3009.0,,,,,,,,,0.24799633026123047,3009.0,,,,,0.21779978275299072,3009.0,,,,,,,,,,,,
CAATCTCGGACT,2,0.44937753677368164,0.22468876838684082,-1278.0,,,,,,,,,,,,,,,0.2493438720703125,-1278.0,,,,,0.20003366470336914,-1278.0,,,,,,
TTTTGGTTATCA,2,0.315582275390625,0.1577911376953125,1497.0,,,,,,,,,0.11713981628417969,1497.0,0.1984424591064453,1497.0,,,,,,,,,,,,,,,,
AATGGATAAGCG,2,0.3095269203186035,0.15476346015930176,3469.0,,,,,,,,,0.10958003997802734,3469.0,0.19994688034057617,3469.0,,,,,,,,,,,,,,,,
AGATAAAAATAC,2,0.30936336517333984,0.15468168258666992,864.0,,,,,,,,,0.1100149154663086,864.0,0.19934844970703125,864.0,,,,,,,,,,,,,,,,
CCGATAAAGCAG,2,0.23933932185173035,0.11966966092586517,-72.0,,,,,0.14706796407699585,-72.0,,,0.0922713577747345,-72.0,,,,,,,,,,,,,,,,,,
TTATAACGATTT,2,0.15175026655197144,0.07587513327598572,-917.0,,,,,,,,,0.07145407795906067,-917.0,,,0.08029618859291077,-917.0,,,,,,,,,,,,,,
TTATAAAAGTCA,2,0.13747507333755493,0.06873753666877747,-1093.0,0.08816856145858765,-1093.0,0.049306511878967285,-1093.0,,,,,,,,,,,,,,,,,,,,,,,,
TATCAGATCTGT,2,0.1253509223461151,0.06267546117305756,59.0,,,,,0.05324992537498474,59.0,,,,,0.07210099697113037,59.0,,,,,,,,,,,,,,,,
AATTAGAACACA,2,0.11500513553619385,0.057502567768096924,1061.0,0.06303298473358154,1061.0,,,,,0.051972150802612305,1061.0,,,,,,,,,,,,,,,,,,,,
AGTAGAGGTAGA,2,0.11016339063644409,0.055081695318222046,919.0,0.0714917778968811,919.0,,,,,,,0.03867161273956299,919.0,,,,,,,,,,,,,,,,,,
AACTACATCACA,2,0.10959076881408691,0.05479538440704346,1036.0,0.06632083654403687,1036.0,,,,,,,0.04326993227005005,1036.0,,,,,,,,,,,,,,,,,,
AGCTTTTATAAT,2,0.10735666751861572,0.05367833375930786,-1118.0,,,,,,,,,0.05309280753135681,-1118.0,,,0.05426385998725891,-1118.0,,,,,,,,,,,,,,
TTTTGATAGGAG,2,0.10573208332061768,0.05286604166030884,899.0,0.06761634349822998,899.0,,,,,,,0.038115739822387695,899.0,,,,,,,,,,,,,,,,,,
AGATAATGATAT,2,0.10170209407806396,0.05085104703903198,-1135.0,,,,,,,,,0.049024224281311035,-1135.0,,,0.05267786979675293,-1135.0,,,,,,,,,,,,,,
ATAGCTTTTATA,2,0.09261101484298706,0.04630550742149353,-1120.0,0.05804336071014404,-1120.0,0.03456765413284302,-1120.0,,,,,,,,,,,,,,,,,,,,,,,,
AAATGATAATGA,2,0.0896725207567215,0.04483626037836075,-1073.0,,,0.035173773765563965,-1073.0,,,,,,,,,,,,,,,,,,,,,,,0.05449874699115753,-1073.0
